Part,Qty,Price,Link
Seeed XIAO RP2040,1,$3.90/18.53 RON,https://www.seeedstudio.com/XIAO-RP2040-v1-0-p-5026.html
MX-Style Switches,9,~$2.70/~12.82 RON,https://www.divinikey.com/products/gateron-ks-3-milky-yellow-pro-linear-switches
White DSA Keycaps,9,~$5.35/~25.44 RON,https://www.adafruit.com/product/4998
EC11E Encoder,1,$5.74/27.26 RON,https://www.digikey.com/en/products/detail/alps-alpine/EC11E1820402/21721574
0.91 inch OLED Display,1,$3.90/18.52 RON,https://www.displaymodule.com/products/0-91-inch-oled-graphic-display-128x32-with-i2c
1N4148 Diodes,9,$0.90/ 4.27 RON,https://www.digikey.com/en/products/detail/onsemi/1N4148/458603
M2 Screws,4,,
M2 Heat Inserts,4,,
3D Printed Case,1,,
3D Printed Panel,1,,

